{"timing":[142,160,164,167,170],"resource_data":[{"name":"https:\/\/testmyprotocol.com\/boomerang-master\/images\/image-l.gif?t=15734958842780.7582540716107131","entryType":"resource","startTime":692.3249999817926,"duration":27.650000003632158,"initiatorType":"img","nextHopProtocol":"h2","workerStart":0,"redirectStart":0,"redirectEnd":0,"fetchStart":692.3249999817926,"domainLookupStart":692.3249999817926,"domainLookupEnd":692.3249999817926,"connectStart":692.3249999817926,"connectEnd":692.3249999817926,"secureConnectionStart":692.3249999817926,"requestStart":693.3900000003632,"responseStart":719.5049999863841,"responseEnd":719.9749999854248,"transferSize":167,"encodedBodySize":35,"decodedBodySize":35,"serverTiming":[]},{"name":"https:\/\/testmyprotocol.com\/boomerang-master\/images\/image-l.gif?t=15734958843170.5511266702975759","entryType":"resource","startTime":731.6549999814015,"duration":26.78000001469627,"initiatorType":"img","nextHopProtocol":"h2","workerStart":0,"redirectStart":0,"redirectEnd":0,"fetchStart":731.6549999814015,"domainLookupStart":731.6549999814015,"domainLookupEnd":731.6549999814015,"connectStart":731.6549999814015,"connectEnd":731.6549999814015,"secureConnectionStart":731.6549999814015,"requestStart":732.70500000217,"responseStart":757.9799999948591,"responseEnd":758.4349999960978,"transferSize":167,"encodedBodySize":35,"decodedBodySize":35,"serverTiming":[]},{"name":"https:\/\/testmyprotocol.com\/boomerang-master\/images\/image-l.gif?t=15734958843560.7311897222631043","entryType":"resource","startTime":769.7549999866169,"duration":27.694999997038394,"initiatorType":"img","nextHopProtocol":"h2","workerStart":0,"redirectStart":0,"redirectEnd":0,"fetchStart":769.7549999866169,"domainLookupStart":769.7549999866169,"domainLookupEnd":769.7549999866169,"connectStart":769.7549999866169,"connectEnd":769.7549999866169,"secureConnectionStart":769.7549999866169,"requestStart":770.8249999850523,"responseStart":796.9199999934062,"responseEnd":797.4499999836553,"transferSize":167,"encodedBodySize":35,"decodedBodySize":35,"serverTiming":[]},{"name":"https:\/\/testmyprotocol.com\/boomerang-master\/images\/image-l.gif?t=15734958843950.09781660847333518","entryType":"resource","startTime":808.7550000054762,"duration":25.969999987864867,"initiatorType":"img","nextHopProtocol":"h2","workerStart":0,"redirectStart":0,"redirectEnd":0,"fetchStart":808.7550000054762,"domainLookupStart":808.7550000054762,"domainLookupEnd":808.7550000054762,"connectStart":808.7550000054762,"connectEnd":808.7550000054762,"secureConnectionStart":808.7550000054762,"requestStart":809.689999994589,"responseStart":834.2899999988731,"responseEnd":834.724999993341,"transferSize":167,"encodedBodySize":35,"decodedBodySize":35,"serverTiming":[]},{"name":"https:\/\/testmyprotocol.com\/boomerang-master\/images\/image-l.gif?t=15734958844340.7943550839540197","entryType":"resource","startTime":848.2049999875017,"duration":27.174999995622784,"initiatorType":"img","nextHopProtocol":"h2","workerStart":0,"redirectStart":0,"redirectEnd":0,"fetchStart":848.2049999875017,"domainLookupStart":848.2049999875017,"domainLookupEnd":848.2049999875017,"connectStart":848.2049999875017,"connectEnd":848.2049999875017,"secureConnectionStart":848.2049999875017,"requestStart":849.2149999947287,"responseStart":874.8799999884795,"responseEnd":875.3799999831244,"transferSize":167,"encodedBodySize":35,"decodedBodySize":35,"serverTiming":[]}],"bw":[11280722],"latency":[28],"mode":"default","size":"50","num":"10","date_time":1573496043227}