{"timing":[41,47,47,47,47],"resource_data":[{"name":"https:\/\/testmyprotocol.com\/imgs\/one.jpg?0","entryType":"resource","startTime":2933.970000129193,"duration":38.604999892413616,"initiatorType":"img","nextHopProtocol":"h2","workerStart":0,"redirectStart":0,"redirectEnd":0,"fetchStart":2933.970000129193,"domainLookupStart":2933.970000129193,"domainLookupEnd":2933.970000129193,"connectStart":2933.970000129193,"connectEnd":2933.970000129193,"secureConnectionStart":2933.970000129193,"requestStart":2935.710000107065,"responseStart":2971.495000179857,"responseEnd":2972.5750000216067,"transferSize":1613,"encodedBodySize":1478,"decodedBodySize":1478,"serverTiming":[]},{"name":"https:\/\/testmyprotocol.com\/imgs\/one.jpg?1","entryType":"resource","startTime":2934.180000098422,"duration":43.49999991245568,"initiatorType":"img","nextHopProtocol":"h2","workerStart":0,"redirectStart":0,"redirectEnd":0,"fetchStart":2934.180000098422,"domainLookupStart":2934.180000098422,"domainLookupEnd":2934.180000098422,"connectStart":2934.180000098422,"connectEnd":2934.180000098422,"secureConnectionStart":2934.180000098422,"requestStart":2936.035000020638,"responseStart":2975.624999962747,"responseEnd":2977.680000010878,"transferSize":1613,"encodedBodySize":1478,"decodedBodySize":1478,"serverTiming":[]},{"name":"https:\/\/testmyprotocol.com\/imgs\/one.jpg?2","entryType":"resource","startTime":2934.415000025183,"duration":43.455000035464764,"initiatorType":"img","nextHopProtocol":"h2","workerStart":0,"redirectStart":0,"redirectEnd":0,"fetchStart":2934.415000025183,"domainLookupStart":2934.415000025183,"domainLookupEnd":2934.415000025183,"connectStart":2934.415000025183,"connectEnd":2934.415000025183,"secureConnectionStart":2934.415000025183,"requestStart":2936.405000044033,"responseStart":2975.7050001062453,"responseEnd":2977.8700000606477,"transferSize":1613,"encodedBodySize":1478,"decodedBodySize":1478,"serverTiming":[]},{"name":"https:\/\/testmyprotocol.com\/imgs\/one.jpg?3","entryType":"resource","startTime":2934.624999994412,"duration":43.384999968111515,"initiatorType":"img","nextHopProtocol":"h2","workerStart":0,"redirectStart":0,"redirectEnd":0,"fetchStart":2934.624999994412,"domainLookupStart":2934.624999994412,"domainLookupEnd":2934.624999994412,"connectStart":2934.624999994412,"connectEnd":2934.624999994412,"secureConnectionStart":2934.624999994412,"requestStart":2936.475000111386,"responseStart":2975.7950000930578,"responseEnd":2978.0099999625236,"transferSize":1613,"encodedBodySize":1478,"decodedBodySize":1478,"serverTiming":[]},{"name":"https:\/\/testmyprotocol.com\/imgs\/one.jpg?4","entryType":"resource","startTime":2934.7550000529736,"duration":43.40500012040138,"initiatorType":"img","nextHopProtocol":"h2","workerStart":0,"redirectStart":0,"redirectEnd":0,"fetchStart":2934.7550000529736,"domainLookupStart":2934.7550000529736,"domainLookupEnd":2934.7550000529736,"connectStart":2934.7550000529736,"connectEnd":2934.7550000529736,"secureConnectionStart":2934.7550000529736,"requestStart":2936.720000114292,"responseStart":2975.8399999700487,"responseEnd":2978.160000173375,"transferSize":1613,"encodedBodySize":1478,"decodedBodySize":1478,"serverTiming":[]}],"bw":[],"latency":[],"mode":"","size":"1","num":"5","date_time":1573425315203}