{"timing":[210,221,229],"resource_data":[{"name":"https:\/\/testmyprotocol.com\/boomerang-master\/images\/image-l.gif?t=15734962354530.5930383809525313","entryType":"resource","startTime":435.3500000142958,"duration":29.559999995399266,"initiatorType":"img","nextHopProtocol":"h2","workerStart":0,"redirectStart":0,"redirectEnd":0,"fetchStart":435.3500000142958,"domainLookupStart":435.3500000142958,"domainLookupEnd":435.3500000142958,"connectStart":435.3500000142958,"connectEnd":435.3500000142958,"secureConnectionStart":435.3500000142958,"requestStart":436.9250000163447,"responseStart":464.15000001434237,"responseEnd":464.91000000969507,"transferSize":167,"encodedBodySize":35,"decodedBodySize":35,"serverTiming":[]},{"name":"https:\/\/testmyprotocol.com\/boomerang-master\/images\/image-l.gif?t=15734962354940.3861392325510693","entryType":"resource","startTime":476.66000001481734,"duration":26.81999999913387,"initiatorType":"img","nextHopProtocol":"h2","workerStart":0,"redirectStart":0,"redirectEnd":0,"fetchStart":476.66000001481734,"domainLookupStart":476.66000001481734,"domainLookupEnd":476.66000001481734,"connectStart":476.66000001481734,"connectEnd":476.66000001481734,"secureConnectionStart":476.66000001481734,"requestStart":478.0200000095647,"responseStart":502.93499999679625,"responseEnd":503.4800000139512,"transferSize":167,"encodedBodySize":35,"decodedBodySize":35,"serverTiming":[]},{"name":"https:\/\/testmyprotocol.com\/boomerang-master\/images\/image-l.gif?t=15734962355330.9868662402303041","entryType":"resource","startTime":515.2200000011362,"duration":29.429999995045364,"initiatorType":"img","nextHopProtocol":"h2","workerStart":0,"redirectStart":0,"redirectEnd":0,"fetchStart":515.2200000011362,"domainLookupStart":515.2200000011362,"domainLookupEnd":515.2200000011362,"connectStart":515.2200000011362,"connectEnd":515.2200000011362,"secureConnectionStart":515.2200000011362,"requestStart":516.5150000248104,"responseStart":544.2200000106823,"responseEnd":544.6499999961816,"transferSize":167,"encodedBodySize":35,"decodedBodySize":35,"serverTiming":[]},{"name":"https:\/\/testmyprotocol.com\/boomerang-master\/images\/image-l.gif?t=15734962355760.783148090364953","entryType":"resource","startTime":557.9350000189152,"duration":26.424999989103526,"initiatorType":"img","nextHopProtocol":"h2","workerStart":0,"redirectStart":0,"redirectEnd":0,"fetchStart":557.9350000189152,"domainLookupStart":557.9350000189152,"domainLookupEnd":557.9350000189152,"connectStart":557.9350000189152,"connectEnd":557.9350000189152,"secureConnectionStart":557.9350000189152,"requestStart":559.16000000434,"responseStart":583.7549999996554,"responseEnd":584.3600000080187,"transferSize":167,"encodedBodySize":35,"decodedBodySize":35,"serverTiming":[]},{"name":"https:\/\/testmyprotocol.com\/boomerang-master\/images\/image-l.gif?t=15734962356140.2989427411679917","entryType":"resource","startTime":596.5750000032131,"duration":27.709999994840473,"initiatorType":"img","nextHopProtocol":"h2","workerStart":0,"redirectStart":0,"redirectEnd":0,"fetchStart":596.5750000032131,"domainLookupStart":596.5750000032131,"domainLookupEnd":596.5750000032131,"connectStart":596.5750000032131,"connectEnd":596.5750000032131,"secureConnectionStart":596.5750000032131,"requestStart":597.8450000111479,"responseStart":623.8350000057835,"responseEnd":624.2849999980535,"transferSize":167,"encodedBodySize":35,"decodedBodySize":35,"serverTiming":[]}],"bw":[11887288],"latency":[30],"mode":"default","size":"75","num":"8","date_time":1573496260237}