{"timing":[96,137,169,172,205],"resource_data":[{"name":"https:\/\/testmyprotocol.com\/boomerang-master\/images\/image-l.gif?t=15734962351910.5245606343597264","entryType":"resource","startTime":173.64000002271496,"duration":28.135000000474975,"initiatorType":"img","nextHopProtocol":"h2","workerStart":0,"redirectStart":0,"redirectEnd":0,"fetchStart":173.64000002271496,"domainLookupStart":173.64000002271496,"domainLookupEnd":173.64000002271496,"connectStart":173.64000002271496,"connectEnd":173.64000002271496,"secureConnectionStart":173.64000002271496,"requestStart":174.88500001491047,"responseStart":200.93000002088957,"responseEnd":201.77500002318993,"transferSize":167,"encodedBodySize":35,"decodedBodySize":35,"serverTiming":[]},{"name":"https:\/\/testmyprotocol.com\/boomerang-master\/images\/image-l.gif?t=15734962352780.9768473323755573","entryType":"resource","startTime":259.8250000155531,"duration":35.96999999717809,"initiatorType":"img","nextHopProtocol":"h2","workerStart":0,"redirectStart":0,"redirectEnd":0,"fetchStart":259.8250000155531,"domainLookupStart":259.8250000155531,"domainLookupEnd":259.8250000155531,"connectStart":259.8250000155531,"connectEnd":259.8250000155531,"secureConnectionStart":259.8250000155531,"requestStart":270.0699999986682,"responseStart":295.2950000180863,"responseEnd":295.7950000127312,"transferSize":167,"encodedBodySize":35,"decodedBodySize":35,"serverTiming":[]},{"name":"https:\/\/testmyprotocol.com\/boomerang-master\/images\/image-l.gif?t=15734962353260.8213203764044217","entryType":"resource","startTime":308.87999999686144,"duration":28.46000000135973,"initiatorType":"img","nextHopProtocol":"h2","workerStart":0,"redirectStart":0,"redirectEnd":0,"fetchStart":308.87999999686144,"domainLookupStart":308.87999999686144,"domainLookupEnd":308.87999999686144,"connectStart":308.87999999686144,"connectEnd":308.87999999686144,"secureConnectionStart":308.87999999686144,"requestStart":311.0150000138674,"responseStart":336.53500000946224,"responseEnd":337.3399999982212,"transferSize":167,"encodedBodySize":35,"decodedBodySize":35,"serverTiming":[]},{"name":"https:\/\/testmyprotocol.com\/boomerang-master\/images\/image-l.gif?t=15734962353690.26807015246695554","entryType":"resource","startTime":351.0050000040792,"duration":27.49999999650754,"initiatorType":"img","nextHopProtocol":"h2","workerStart":0,"redirectStart":0,"redirectEnd":0,"fetchStart":351.0050000040792,"domainLookupStart":351.0050000040792,"domainLookupEnd":351.0050000040792,"connectStart":351.0050000040792,"connectEnd":351.0050000040792,"secureConnectionStart":351.0050000040792,"requestStart":352.34500002115965,"responseStart":377.97000000136904,"responseEnd":378.50500000058673,"transferSize":167,"encodedBodySize":35,"decodedBodySize":35,"serverTiming":[]},{"name":"https:\/\/testmyprotocol.com\/boomerang-master\/images\/image-l.gif?t=15734962354090.3233953435709609","entryType":"resource","startTime":391.700000007404,"duration":28.565000015078112,"initiatorType":"img","nextHopProtocol":"h2","workerStart":0,"redirectStart":0,"redirectEnd":0,"fetchStart":391.700000007404,"domainLookupStart":391.700000007404,"domainLookupEnd":391.700000007404,"connectStart":391.700000007404,"connectEnd":391.700000007404,"secureConnectionStart":391.700000007404,"requestStart":393.6550000216812,"responseStart":419.34000002220273,"responseEnd":420.2650000224821,"transferSize":167,"encodedBodySize":35,"decodedBodySize":35,"serverTiming":[]}],"bw":[11887288],"latency":[30],"mode":"default","size":"75","num":"8","date_time":1573496260237}