{"timing":[82,82,82,82,82],"resource_data":[{"name":"https:\/\/testmyprotocol.com\/imgs\/one.jpg?10","entryType":"resource","startTime":2322.7500000502914,"duration":74.89000004716218,"initiatorType":"img","nextHopProtocol":"h2","workerStart":0,"redirectStart":0,"redirectEnd":0,"fetchStart":2322.7500000502914,"domainLookupStart":2322.7500000502914,"domainLookupEnd":2322.7500000502914,"connectStart":2322.7500000502914,"connectEnd":2322.7500000502914,"secureConnectionStart":2322.7500000502914,"requestStart":2326.51500008069,"responseStart":2392.075000097975,"responseEnd":2397.6400000974536,"transferSize":1613,"encodedBodySize":1478,"decodedBodySize":1478,"serverTiming":[]},{"name":"https:\/\/testmyprotocol.com\/imgs\/one.jpg?11","entryType":"resource","startTime":2322.9050000663847,"duration":74.90499992854893,"initiatorType":"img","nextHopProtocol":"h2","workerStart":0,"redirectStart":0,"redirectEnd":0,"fetchStart":2322.9050000663847,"domainLookupStart":2322.9050000663847,"domainLookupEnd":2322.9050000663847,"connectStart":2322.9050000663847,"connectEnd":2322.9050000663847,"secureConnectionStart":2322.9050000663847,"requestStart":2326.564999995753,"responseStart":2392.115000169724,"responseEnd":2397.8099999949336,"transferSize":1613,"encodedBodySize":1478,"decodedBodySize":1478,"serverTiming":[]},{"name":"https:\/\/testmyprotocol.com\/imgs\/one.jpg?12","entryType":"resource","startTime":2323.0950001161546,"duration":74.86000005155802,"initiatorType":"img","nextHopProtocol":"h2","workerStart":0,"redirectStart":0,"redirectEnd":0,"fetchStart":2323.0950001161546,"domainLookupStart":2323.0950001161546,"domainLookupEnd":2323.0950001161546,"connectStart":2323.0950001161546,"connectEnd":2323.0950001161546,"secureConnectionStart":2323.0950001161546,"requestStart":2326.6200001817197,"responseStart":2392.1450001653284,"responseEnd":2397.9550001677126,"transferSize":1613,"encodedBodySize":1478,"decodedBodySize":1478,"serverTiming":[]},{"name":"https:\/\/testmyprotocol.com\/imgs\/one.jpg?13","entryType":"resource","startTime":2323.300000047311,"duration":74.78000014089048,"initiatorType":"img","nextHopProtocol":"h2","workerStart":0,"redirectStart":0,"redirectEnd":0,"fetchStart":2323.300000047311,"domainLookupStart":2323.300000047311,"domainLookupEnd":2323.300000047311,"connectStart":2323.300000047311,"connectEnd":2323.300000047311,"secureConnectionStart":2323.300000047311,"requestStart":2326.7050001304597,"responseStart":2392.17000012286,"responseEnd":2398.0800001882017,"transferSize":1613,"encodedBodySize":1478,"decodedBodySize":1478,"serverTiming":[]},{"name":"https:\/\/testmyprotocol.com\/imgs\/one.jpg?14","entryType":"resource","startTime":2323.490000097081,"duration":74.74999991245568,"initiatorType":"img","nextHopProtocol":"h2","workerStart":0,"redirectStart":0,"redirectEnd":0,"fetchStart":2323.490000097081,"domainLookupStart":2323.490000097081,"domainLookupEnd":2323.490000097081,"connectStart":2323.490000097081,"connectEnd":2323.490000097081,"secureConnectionStart":2323.490000097081,"requestStart":2326.839999994263,"responseStart":2392.2099999617785,"responseEnd":2398.2400000095367,"transferSize":1613,"encodedBodySize":1478,"decodedBodySize":1478,"serverTiming":[]}],"bw":[],"latency":[],"mode":"","size":"1","num":"15","date_time":1573425671976}