{"timing":[],"resource_data":[{"name":"https:\/\/testmyprotocol.com\/boomerang-master\/images\/image-6.png?t=15734961881830.9761775632304375","entryType":"resource","startTime":4893.6049999902025,"duration":782.7450000040699,"initiatorType":"img","nextHopProtocol":"h2","workerStart":0,"redirectStart":0,"redirectEnd":0,"fetchStart":4893.6049999902025,"domainLookupStart":4893.6049999902025,"domainLookupEnd":4893.6049999902025,"connectStart":4893.6049999902025,"connectEnd":4893.6049999902025,"secureConnectionStart":4893.6049999902025,"requestStart":4894.669999979669,"responseStart":4921.234999987064,"responseEnd":5676.349999994272,"transferSize":9102256,"encodedBodySize":9092136,"decodedBodySize":9092136,"serverTiming":[]},{"name":"https:\/\/testmyprotocol.com\/boomerang-master\/images\/image-6.png?t=15734961889840.4029482607939936","entryType":"resource","startTime":5694.679999985965,"duration":795.4099999915343,"initiatorType":"img","nextHopProtocol":"h2","workerStart":0,"redirectStart":0,"redirectEnd":0,"fetchStart":5694.679999985965,"domainLookupStart":5694.679999985965,"domainLookupEnd":5694.679999985965,"connectStart":5694.679999985965,"connectEnd":5694.679999985965,"secureConnectionStart":5694.679999985965,"requestStart":5695.934999996098,"responseStart":5722.344999987399,"responseEnd":6490.089999977499,"transferSize":9102256,"encodedBodySize":9092136,"decodedBodySize":9092136,"serverTiming":[]},{"name":"https:\/\/testmyprotocol.com\/boomerang-master\/images\/image-6.png?t=15734961897950.8623994896318135","entryType":"resource","startTime":6505.079999973532,"duration":767.3750000249129,"initiatorType":"img","nextHopProtocol":"h2","workerStart":0,"redirectStart":0,"redirectEnd":0,"fetchStart":6505.079999973532,"domainLookupStart":6505.079999973532,"domainLookupEnd":6505.079999973532,"connectStart":6505.079999973532,"connectEnd":6505.079999973532,"secureConnectionStart":6505.079999973532,"requestStart":6506.064999994123,"responseStart":6532.209999975748,"responseEnd":7272.454999998445,"transferSize":9102256,"encodedBodySize":9092136,"decodedBodySize":9092136,"serverTiming":[]},{"name":"https:\/\/testmyprotocol.com\/boomerang-master\/images\/image-6.png?t=15734961905770.4380311722693109","entryType":"resource","startTime":7287.7949999819975,"duration":749.7699999948964,"initiatorType":"img","nextHopProtocol":"h2","workerStart":0,"redirectStart":0,"redirectEnd":0,"fetchStart":7287.7949999819975,"domainLookupStart":7287.7949999819975,"domainLookupEnd":7287.7949999819975,"connectStart":7287.7949999819975,"connectEnd":7287.7949999819975,"secureConnectionStart":7287.7949999819975,"requestStart":7288.77499999362,"responseStart":7315.059999993537,"responseEnd":8037.564999976894,"transferSize":9102256,"encodedBodySize":9092136,"decodedBodySize":9092136,"serverTiming":[]},{"name":"https:\/\/testmyprotocol.com\/boomerang-master\/images\/image-6.png?t=15734961913430.18559938827796763","entryType":"resource","startTime":8053.764999989653,"duration":705.7649999915157,"initiatorType":"img","nextHopProtocol":"h2","workerStart":0,"redirectStart":0,"redirectEnd":0,"fetchStart":8053.764999989653,"domainLookupStart":8053.764999989653,"domainLookupEnd":8053.764999989653,"connectStart":8053.764999989653,"connectEnd":8053.764999989653,"secureConnectionStart":8053.764999989653,"requestStart":8055.084999999963,"responseStart":8081.825000001118,"responseEnd":8759.529999981169,"transferSize":9102256,"encodedBodySize":9092136,"decodedBodySize":9092136,"serverTiming":[]}],"bw":[11340720],"latency":[29],"mode":"default","size":"1","num":"7","date_time":1573496198511}