{"timing":[33,34,34,34,34],"resource_data":[{"name":"https:\/\/testmyprotocol.com\/boomerang-master\/images\/image-l.gif?t=15734961834560.6098195541713614","entryType":"resource","startTime":165.95999998389743,"duration":26.344999991124496,"initiatorType":"img","nextHopProtocol":"h2","workerStart":0,"redirectStart":0,"redirectEnd":0,"fetchStart":165.95999998389743,"domainLookupStart":165.95999998389743,"domainLookupEnd":165.95999998389743,"connectStart":165.95999998389743,"connectEnd":165.95999998389743,"secureConnectionStart":165.95999998389743,"requestStart":167.20499997609295,"responseStart":191.82499998714775,"responseEnd":192.30499997502193,"transferSize":167,"encodedBodySize":35,"decodedBodySize":35,"serverTiming":[]},{"name":"https:\/\/testmyprotocol.com\/boomerang-master\/images\/image-l.gif?t=15734961834940.39446966012106","entryType":"resource","startTime":204.08499997574836,"duration":26.830000017071143,"initiatorType":"img","nextHopProtocol":"h2","workerStart":0,"redirectStart":0,"redirectEnd":0,"fetchStart":204.08499997574836,"domainLookupStart":204.08499997574836,"domainLookupEnd":204.08499997574836,"connectStart":204.08499997574836,"connectEnd":204.08499997574836,"secureConnectionStart":204.08499997574836,"requestStart":205.71999999810942,"responseStart":230.34999999799766,"responseEnd":230.9149999928195,"transferSize":167,"encodedBodySize":35,"decodedBodySize":35,"serverTiming":[]},{"name":"https:\/\/testmyprotocol.com\/boomerang-master\/images\/image-l.gif?t=15734961835320.8019682418878546","entryType":"resource","startTime":242.44000000180677,"duration":26.32499998435378,"initiatorType":"img","nextHopProtocol":"h2","workerStart":0,"redirectStart":0,"redirectEnd":0,"fetchStart":242.44000000180677,"domainLookupStart":242.44000000180677,"domainLookupEnd":242.44000000180677,"connectStart":242.44000000180677,"connectEnd":242.44000000180677,"secureConnectionStart":242.44000000180677,"requestStart":243.3199999795761,"responseStart":268.28499999828637,"responseEnd":268.76499998616055,"transferSize":167,"encodedBodySize":35,"decodedBodySize":35,"serverTiming":[]},{"name":"https:\/\/testmyprotocol.com\/boomerang-master\/images\/image-l.gif?t=15734961835700.7732662466636306","entryType":"resource","startTime":280.1649999746587,"duration":27.920000022277236,"initiatorType":"img","nextHopProtocol":"h2","workerStart":0,"redirectStart":0,"redirectEnd":0,"fetchStart":280.1649999746587,"domainLookupStart":280.1649999746587,"domainLookupEnd":280.1649999746587,"connectStart":280.1649999746587,"connectEnd":280.1649999746587,"secureConnectionStart":280.1649999746587,"requestStart":281.38999998918734,"responseStart":307.45500000193715,"responseEnd":308.08499999693595,"transferSize":167,"encodedBodySize":35,"decodedBodySize":35,"serverTiming":[]},{"name":"https:\/\/testmyprotocol.com\/boomerang-master\/images\/image-l.gif?t=15734961836100.823866588212492","entryType":"resource","startTime":320.87999998475425,"duration":28.55499999714084,"initiatorType":"img","nextHopProtocol":"h2","workerStart":0,"redirectStart":0,"redirectEnd":0,"fetchStart":320.87999998475425,"domainLookupStart":320.87999998475425,"domainLookupEnd":320.87999998475425,"connectStart":320.87999998475425,"connectEnd":320.87999998475425,"secureConnectionStart":320.87999998475425,"requestStart":322.9449999926146,"responseStart":348.53999997721985,"responseEnd":349.4349999818951,"transferSize":167,"encodedBodySize":35,"decodedBodySize":35,"serverTiming":[]}],"bw":[11340720],"latency":[29],"mode":"default","size":"1","num":"7","date_time":1573496198511}