{"timing":[],"resource_data":[{"name":"https:\/\/testmyprotocol.com\/boomerang-master\/images\/image-5.png?t=15734958848500.7220318952970919","entryType":"resource","startTime":1264.3199999874923,"duration":397.15000000433065,"initiatorType":"img","nextHopProtocol":"h2","workerStart":0,"redirectStart":0,"redirectEnd":0,"fetchStart":1264.3199999874923,"domainLookupStart":1264.3199999874923,"domainLookupEnd":1264.3199999874923,"connectStart":1264.3199999874923,"connectEnd":1264.3199999874923,"secureConnectionStart":1264.3199999874923,"requestStart":1265.159999980824,"responseStart":1290.7750000013039,"responseEnd":1661.469999991823,"transferSize":4516888,"encodedBodySize":4511798,"decodedBodySize":4511798,"serverTiming":[]},{"name":"https:\/\/testmyprotocol.com\/boomerang-master\/images\/image-6.png?t=15734958852520.4928787621143067","entryType":"resource","startTime":1666.3899999985006,"duration":636.1500000057276,"initiatorType":"img","nextHopProtocol":"h2","workerStart":0,"redirectStart":0,"redirectEnd":0,"fetchStart":1666.3899999985006,"domainLookupStart":1666.3899999985006,"domainLookupEnd":1666.3899999985006,"connectStart":1666.3899999985006,"connectEnd":1666.3899999985006,"secureConnectionStart":1666.3899999985006,"requestStart":1667.4150000035297,"responseStart":1697.5249999959487,"responseEnd":2302.540000004228,"transferSize":9102256,"encodedBodySize":9092136,"decodedBodySize":9092136,"serverTiming":[]},{"name":"https:\/\/testmyprotocol.com\/boomerang-master\/images\/image-6.png?t=15734958859080.9684021701451639","entryType":"resource","startTime":2322.5149999780115,"duration":632.2400000062771,"initiatorType":"img","nextHopProtocol":"h2","workerStart":0,"redirectStart":0,"redirectEnd":0,"fetchStart":2322.5149999780115,"domainLookupStart":2322.5149999780115,"domainLookupEnd":2322.5149999780115,"connectStart":2322.5149999780115,"connectEnd":2322.5149999780115,"secureConnectionStart":2322.5149999780115,"requestStart":2324.109999986831,"responseStart":2350.1149999792688,"responseEnd":2954.7549999842886,"transferSize":9102256,"encodedBodySize":9092136,"decodedBodySize":9092136,"serverTiming":[]},{"name":"https:\/\/testmyprotocol.com\/boomerang-master\/images\/image-6.png?t=15734958865590.9694846207059495","entryType":"resource","startTime":2973.104999982752,"duration":718.6800000199582,"initiatorType":"img","nextHopProtocol":"h2","workerStart":0,"redirectStart":0,"redirectEnd":0,"fetchStart":2973.104999982752,"domainLookupStart":2973.104999982752,"domainLookupEnd":2973.104999982752,"connectStart":2973.104999982752,"connectEnd":2973.104999982752,"secureConnectionStart":2973.104999982752,"requestStart":2974.0250000031665,"responseStart":2999.744999979157,"responseEnd":3691.78500000271,"transferSize":9102256,"encodedBodySize":9092136,"decodedBodySize":9092136,"serverTiming":[]},{"name":"https:\/\/testmyprotocol.com\/boomerang-master\/images\/image-6.png?t=15734958872970.6494723156115896","entryType":"resource","startTime":3711.8499999924097,"duration":840.6850000028498,"initiatorType":"img","nextHopProtocol":"h2","workerStart":0,"redirectStart":0,"redirectEnd":0,"fetchStart":3711.8499999924097,"domainLookupStart":3711.8499999924097,"domainLookupEnd":3711.8499999924097,"connectStart":3711.8499999924097,"connectEnd":3711.8499999924097,"secureConnectionStart":3711.8499999924097,"requestStart":3713.3800000010524,"responseStart":3740.3749999939464,"responseEnd":4552.53499999526,"transferSize":9102256,"encodedBodySize":9092136,"decodedBodySize":9092136,"serverTiming":[]}],"bw":[11280722],"latency":[28],"mode":"default","size":"50","num":"10","date_time":1573496043227}