{"timing":[106,109,116,117],"resource_data":[{"name":"http:\/\/testmyprotocol.com\/imgs\/twenty_five.jpg?0","entryType":"resource","startTime":16073.634999978822,"duration":115.78500000177883,"initiatorType":"img","nextHopProtocol":"http\/1.1","workerStart":0,"redirectStart":0,"redirectEnd":0,"fetchStart":16073.634999978822,"domainLookupStart":16073.634999978822,"domainLookupEnd":16073.634999978822,"connectStart":16073.634999978822,"connectEnd":16073.634999978822,"secureConnectionStart":0,"requestStart":16077.134999999544,"responseStart":16140.484999981709,"responseEnd":16189.4199999806,"transferSize":25859,"encodedBodySize":25608,"decodedBodySize":25608,"serverTiming":[]},{"name":"http:\/\/testmyprotocol.com\/imgs\/twenty_five.jpg?1","entryType":"resource","startTime":16073.874999972759,"duration":108.17000002134591,"initiatorType":"img","nextHopProtocol":"http\/1.1","workerStart":0,"redirectStart":0,"redirectEnd":0,"fetchStart":16073.874999972759,"domainLookupStart":16073.874999972759,"domainLookupEnd":16073.874999972759,"connectStart":16073.874999972759,"connectEnd":16073.874999972759,"secureConnectionStart":0,"requestStart":16077.764999994542,"responseStart":16132.639999996172,"responseEnd":16182.044999994105,"transferSize":25859,"encodedBodySize":25608,"decodedBodySize":25608,"serverTiming":[]},{"name":"http:\/\/testmyprotocol.com\/imgs\/twenty_five.jpg?2","entryType":"resource","startTime":16074.085000000196,"duration":104.32499999296851,"initiatorType":"img","nextHopProtocol":"http\/1.1","workerStart":0,"redirectStart":0,"redirectEnd":0,"fetchStart":16074.085000000196,"domainLookupStart":16074.085000000196,"domainLookupEnd":16074.085000000196,"connectStart":16074.085000000196,"connectEnd":16074.085000000196,"secureConnectionStart":0,"requestStart":16078.37999999174,"responseStart":16127.74499997613,"responseEnd":16178.409999993164,"transferSize":25859,"encodedBodySize":25608,"decodedBodySize":25608,"serverTiming":[]},{"name":"http:\/\/testmyprotocol.com\/imgs\/twenty_five.jpg?3","entryType":"resource","startTime":16074.254999984987,"duration":114.75499998778105,"initiatorType":"img","nextHopProtocol":"http\/1.1","workerStart":0,"redirectStart":0,"redirectEnd":0,"fetchStart":16074.254999984987,"domainLookupStart":16074.254999984987,"domainLookupEnd":16074.254999984987,"connectStart":16074.254999984987,"connectEnd":16074.254999984987,"secureConnectionStart":0,"requestStart":16078.944999986561,"responseStart":16137.854999979027,"responseEnd":16189.009999972768,"transferSize":25859,"encodedBodySize":25608,"decodedBodySize":25608,"serverTiming":[]}],"bw":[],"latency":[],"mode":"","size":"25","num":"4"}