{"timing":[82,109,111,136,142],"resource_data":[{"name":"https:\/\/testmyprotocol.com\/boomerang-master\/images\/image-l.gif?t=15734958840200.9664878502440568","entryType":"resource","startTime":434.4299999938812,"duration":26.53999999165535,"initiatorType":"img","nextHopProtocol":"h2","workerStart":0,"redirectStart":0,"redirectEnd":0,"fetchStart":434.4299999938812,"domainLookupStart":434.4299999938812,"domainLookupEnd":434.4299999938812,"connectStart":434.4299999938812,"connectEnd":434.4299999938812,"secureConnectionStart":434.4299999938812,"requestStart":435.4100000055041,"responseStart":460.5149999842979,"responseEnd":460.96999998553656,"transferSize":167,"encodedBodySize":35,"decodedBodySize":35,"serverTiming":[]},{"name":"https:\/\/testmyprotocol.com\/boomerang-master\/images\/image-l.gif?t=15734958840580.9423393964918356","entryType":"resource","startTime":472.37499998300336,"duration":26.58000000519678,"initiatorType":"img","nextHopProtocol":"h2","workerStart":0,"redirectStart":0,"redirectEnd":0,"fetchStart":472.37499998300336,"domainLookupStart":472.37499998300336,"domainLookupEnd":472.37499998300336,"connectStart":472.37499998300336,"connectEnd":472.37499998300336,"secureConnectionStart":472.37499998300336,"requestStart":473.16500000306405,"responseStart":498.47999998019077,"responseEnd":498.95499998820014,"transferSize":167,"encodedBodySize":35,"decodedBodySize":35,"serverTiming":[]},{"name":"https:\/\/testmyprotocol.com\/boomerang-master\/images\/image-l.gif?t=15734958840960.9982695550862393","entryType":"resource","startTime":510.17500000307336,"duration":26.749999989988282,"initiatorType":"img","nextHopProtocol":"h2","workerStart":0,"redirectStart":0,"redirectEnd":0,"fetchStart":510.17500000307336,"domainLookupStart":510.17500000307336,"domainLookupEnd":510.17500000307336,"connectStart":510.17500000307336,"connectEnd":510.17500000307336,"secureConnectionStart":510.17500000307336,"requestStart":511.02499998523854,"responseStart":536.5199999941979,"responseEnd":536.9249999930616,"transferSize":167,"encodedBodySize":35,"decodedBodySize":35,"serverTiming":[]},{"name":"https:\/\/testmyprotocol.com\/boomerang-master\/images\/image-l.gif?t=15734958841340.24496760220339842","entryType":"resource","startTime":548.3050000038929,"duration":26.159999979427084,"initiatorType":"img","nextHopProtocol":"h2","workerStart":0,"redirectStart":0,"redirectEnd":0,"fetchStart":548.3050000038929,"domainLookupStart":548.3050000038929,"domainLookupEnd":548.3050000038929,"connectStart":548.3050000038929,"connectEnd":548.3050000038929,"secureConnectionStart":548.3050000038929,"requestStart":549.3100000021514,"responseStart":573.9999999932479,"responseEnd":574.46499998332,"transferSize":167,"encodedBodySize":35,"decodedBodySize":35,"serverTiming":[]},{"name":"https:\/\/testmyprotocol.com\/boomerang-master\/images\/image-l.gif?t=15734958841720.8417135580717681","entryType":"resource","startTime":585.8350000053179,"duration":95.08499997900799,"initiatorType":"img","nextHopProtocol":"h2","workerStart":0,"redirectStart":0,"redirectEnd":0,"fetchStart":585.8350000053179,"domainLookupStart":585.8350000053179,"domainLookupEnd":585.8350000053179,"connectStart":585.8350000053179,"connectEnd":585.8350000053179,"secureConnectionStart":585.8350000053179,"requestStart":587.0299999951385,"responseStart":680.1649999979418,"responseEnd":680.9199999843258,"transferSize":167,"encodedBodySize":35,"decodedBodySize":35,"serverTiming":[]}],"bw":[11280722],"latency":[28],"mode":"default","size":"50","num":"10","date_time":1573496043227}