{"timing":[84,114,120,156],"resource_data":[{"name":"https:\/\/testmyprotocol.com\/imgs\/twenty_five.jpg?0","entryType":"resource","startTime":81444.5049999922,"duration":81.90499999909662,"initiatorType":"img","nextHopProtocol":"h2","workerStart":0,"redirectStart":0,"redirectEnd":0,"fetchStart":81444.5049999922,"domainLookupStart":81444.5049999922,"domainLookupEnd":81444.5049999922,"connectStart":81444.5049999922,"connectEnd":81444.5049999922,"secureConnectionStart":81444.5049999922,"requestStart":81446.01499999408,"responseStart":81522.2149999754,"responseEnd":81526.4099999913,"transferSize":25772,"encodedBodySize":25608,"decodedBodySize":25608,"serverTiming":[]},{"name":"https:\/\/testmyprotocol.com\/imgs\/twenty_five.jpg?1","entryType":"resource","startTime":81444.71499999054,"duration":112.64499998651445,"initiatorType":"img","nextHopProtocol":"h2","workerStart":0,"redirectStart":0,"redirectEnd":0,"fetchStart":81444.71499999054,"domainLookupStart":81444.71499999054,"domainLookupEnd":81444.71499999054,"connectStart":81444.71499999054,"connectEnd":81444.71499999054,"secureConnectionStart":81444.71499999054,"requestStart":81446.68499997351,"responseStart":81526.6100000008,"responseEnd":81557.35999997705,"transferSize":25772,"encodedBodySize":25608,"decodedBodySize":25608,"serverTiming":[]},{"name":"https:\/\/testmyprotocol.com\/imgs\/twenty_five.jpg?2","entryType":"resource","startTime":81444.88499997533,"duration":119.04000001959503,"initiatorType":"img","nextHopProtocol":"h2","workerStart":0,"redirectStart":0,"redirectEnd":0,"fetchStart":81444.88499997533,"domainLookupStart":81444.88499997533,"domainLookupEnd":81444.88499997533,"connectStart":81444.88499997533,"connectEnd":81444.88499997533,"secureConnectionStart":81444.88499997533,"requestStart":81447.01499998337,"responseStart":81562.57499998901,"responseEnd":81563.92499999492,"transferSize":25772,"encodedBodySize":25608,"decodedBodySize":25608,"serverTiming":[]},{"name":"https:\/\/testmyprotocol.com\/imgs\/twenty_five.jpg?3","entryType":"resource","startTime":81445.04500000039,"duration":154.55499998643063,"initiatorType":"img","nextHopProtocol":"h2","workerStart":0,"redirectStart":0,"redirectEnd":0,"fetchStart":81445.04500000039,"domainLookupStart":81445.04500000039,"domainLookupEnd":81445.04500000039,"connectStart":81445.04500000039,"connectEnd":81445.04500000039,"secureConnectionStart":81445.04500000039,"requestStart":81447.2249999817,"responseStart":81571.58499999787,"responseEnd":81599.59999998682,"transferSize":25772,"encodedBodySize":25608,"decodedBodySize":25608,"serverTiming":[]}],"bw":[],"latency":[],"mode":"","size":"25","num":"4"}