{"timing":[],"resource_data":[{"name":"https:\/\/testmyprotocol.com\/boomerang-master\/images\/image-0.png?t=15734961838620.8094876982828465","entryType":"resource","startTime":572.0049999945331,"duration":31.919999979436398,"initiatorType":"img","nextHopProtocol":"h2","workerStart":0,"redirectStart":0,"redirectEnd":0,"fetchStart":572.0049999945331,"domainLookupStart":572.0049999945331,"domainLookupEnd":572.0049999945331,"connectStart":572.0049999945331,"connectEnd":572.0049999945331,"secureConnectionStart":572.0049999945331,"requestStart":573.4149999916553,"responseStart":602.759999979753,"responseEnd":603.9249999739695,"transferSize":11918,"encodedBodySize":11773,"decodedBodySize":11773,"serverTiming":[]},{"name":"https:\/\/testmyprotocol.com\/boomerang-master\/images\/image-1.png?t=15734961838960.6548121506928175","entryType":"resource","startTime":605.9549999772571,"duration":29.175000003306195,"initiatorType":"img","nextHopProtocol":"h2","workerStart":0,"redirectStart":0,"redirectEnd":0,"fetchStart":605.9549999772571,"domainLookupStart":605.9549999772571,"domainLookupEnd":605.9549999772571,"connectStart":605.9549999772571,"connectEnd":605.9549999772571,"secureConnectionStart":605.9549999772571,"requestStart":607.1999999985565,"responseStart":633.6999999766704,"responseEnd":635.1299999805633,"transferSize":41008,"encodedBodySize":40836,"decodedBodySize":40836,"serverTiming":[]},{"name":"https:\/\/testmyprotocol.com\/boomerang-master\/images\/image-2.png?t=15734961839260.17677966032724135","entryType":"resource","startTime":636.5850000001956,"duration":57.89999998523854,"initiatorType":"img","nextHopProtocol":"h2","workerStart":0,"redirectStart":0,"redirectEnd":0,"fetchStart":636.5850000001956,"domainLookupStart":636.5850000001956,"domainLookupEnd":636.5850000001956,"connectStart":636.5850000001956,"connectEnd":636.5850000001956,"secureConnectionStart":636.5850000001956,"requestStart":638.0149999749847,"responseStart":663.4649999905378,"responseEnd":694.4849999854341,"transferSize":165862,"encodedBodySize":165544,"decodedBodySize":165544,"serverTiming":[]},{"name":"https:\/\/testmyprotocol.com\/boomerang-master\/images\/image-3.png?t=15734961839850.3453892257739617","entryType":"resource","startTime":695.4549999791197,"duration":67.88499999674968,"initiatorType":"img","nextHopProtocol":"h2","workerStart":0,"redirectStart":0,"redirectEnd":0,"fetchStart":695.4549999791197,"domainLookupStart":695.4549999791197,"domainLookupEnd":695.4549999791197,"connectStart":695.4549999791197,"connectEnd":695.4549999791197,"secureConnectionStart":695.4549999791197,"requestStart":696.4099999750033,"responseStart":722.5199999811593,"responseEnd":763.3399999758694,"transferSize":383498,"encodedBodySize":382946,"decodedBodySize":382946,"serverTiming":[]},{"name":"https:\/\/testmyprotocol.com\/boomerang-master\/images\/image-4.png?t=15734961840540.41966189363449447","entryType":"resource","startTime":764.244999998482,"duration":151.36999997776002,"initiatorType":"img","nextHopProtocol":"h2","workerStart":0,"redirectStart":0,"redirectEnd":0,"fetchStart":764.244999998482,"domainLookupStart":764.244999998482,"domainLookupEnd":764.244999998482,"connectStart":764.244999998482,"connectEnd":764.244999998482,"secureConnectionStart":764.244999998482,"requestStart":765.625,"responseStart":791.0999999730848,"responseEnd":915.614999976242,"transferSize":1237768,"encodedBodySize":1236278,"decodedBodySize":1236278,"serverTiming":[]}],"bw":[11340720],"latency":[29],"mode":"default","size":"1","num":"7","date_time":1573496198511}