{"timing":[76,106,116],"resource_data":[{"name":"https:\/\/testmyprotocol.com\/imgs\/twenty_five.jpg?0","entryType":"resource","startTime":9582.649999996647,"duration":105.25500006042421,"initiatorType":"img","nextHopProtocol":"h2","workerStart":0,"redirectStart":0,"redirectEnd":0,"fetchStart":9582.649999996647,"domainLookupStart":9582.649999996647,"domainLookupEnd":9582.649999996647,"connectStart":9582.649999996647,"connectEnd":9582.649999996647,"secureConnectionStart":9582.649999996647,"requestStart":9584.4550000038,"responseStart":9658.904999960214,"responseEnd":9687.905000057071,"transferSize":25772,"encodedBodySize":25608,"decodedBodySize":25608,"serverTiming":[]},{"name":"https:\/\/testmyprotocol.com\/imgs\/twenty_five.jpg?1","entryType":"resource","startTime":9582.855000160635,"duration":73.33999988622963,"initiatorType":"img","nextHopProtocol":"h2","workerStart":0,"redirectStart":0,"redirectEnd":0,"fetchStart":9582.855000160635,"domainLookupStart":9582.855000160635,"domainLookupEnd":9582.855000160635,"connectStart":9582.855000160635,"connectEnd":9582.855000160635,"secureConnectionStart":9582.855000160635,"requestStart":9584.52000003308,"responseStart":9655.110000167042,"responseEnd":9656.195000046864,"transferSize":25772,"encodedBodySize":25608,"decodedBodySize":25608,"serverTiming":[]},{"name":"https:\/\/testmyprotocol.com\/imgs\/twenty_five.jpg?2","entryType":"resource","startTime":9583.220000145957,"duration":114.30999985896051,"initiatorType":"img","nextHopProtocol":"h2","workerStart":0,"redirectStart":0,"redirectEnd":0,"fetchStart":9583.220000145957,"domainLookupStart":9583.220000145957,"domainLookupEnd":9583.220000145957,"connectStart":9583.220000145957,"connectEnd":9583.220000145957,"secureConnectionStart":9583.220000145957,"requestStart":9584.830000065267,"responseStart":9688.22000012733,"responseEnd":9697.530000004917,"transferSize":25772,"encodedBodySize":25608,"decodedBodySize":25608,"serverTiming":[]}],"bw":[],"latency":[],"mode":"","size":"25","num":"3"}