{"timing":[58,59],"resource_data":[{"name":"https:\/\/testmyprotocol.com\/boomerang-master\/images\/image-l.gif?t=15734961836520.8390428730483941","entryType":"resource","startTime":362.6749999821186,"duration":27.49999999650754,"initiatorType":"img","nextHopProtocol":"h2","workerStart":0,"redirectStart":0,"redirectEnd":0,"fetchStart":362.6749999821186,"domainLookupStart":362.6749999821186,"domainLookupEnd":362.6749999821186,"connectStart":362.6749999821186,"connectEnd":362.6749999821186,"secureConnectionStart":362.6749999821186,"requestStart":364.26999999093823,"responseStart":389.4299999810755,"responseEnd":390.17499997862615,"transferSize":167,"encodedBodySize":35,"decodedBodySize":35,"serverTiming":[]},{"name":"https:\/\/testmyprotocol.com\/boomerang-master\/images\/image-l.gif?t=15734961836930.2935233484153239","entryType":"resource","startTime":403.75999998650514,"duration":29.0099999983795,"initiatorType":"img","nextHopProtocol":"h2","workerStart":0,"redirectStart":0,"redirectEnd":0,"fetchStart":403.75999998650514,"domainLookupStart":403.75999998650514,"domainLookupEnd":403.75999998650514,"connectStart":403.75999998650514,"connectEnd":403.75999998650514,"secureConnectionStart":403.75999998650514,"requestStart":406.18999997968785,"responseStart":431.8549999734387,"responseEnd":432.76999998488463,"transferSize":167,"encodedBodySize":35,"decodedBodySize":35,"serverTiming":[]},{"name":"https:\/\/testmyprotocol.com\/boomerang-master\/images\/image-l.gif?t=15734961837350.06281227524575339","entryType":"resource","startTime":445.56500000180677,"duration":26.784999994561076,"initiatorType":"img","nextHopProtocol":"h2","workerStart":0,"redirectStart":0,"redirectEnd":0,"fetchStart":445.56500000180677,"domainLookupStart":445.56500000180677,"domainLookupEnd":445.56500000180677,"connectStart":445.56500000180677,"connectEnd":445.56500000180677,"secureConnectionStart":445.56500000180677,"requestStart":446.78499997826293,"responseStart":471.609999978682,"responseEnd":472.34999999636784,"transferSize":167,"encodedBodySize":35,"decodedBodySize":35,"serverTiming":[]},{"name":"https:\/\/testmyprotocol.com\/boomerang-master\/images\/image-l.gif?t=15734961837770.18334358459032485","entryType":"resource","startTime":487.20499998307787,"duration":28.805000009015203,"initiatorType":"img","nextHopProtocol":"h2","workerStart":0,"redirectStart":0,"redirectEnd":0,"fetchStart":487.20499998307787,"domainLookupStart":487.20499998307787,"domainLookupEnd":487.20499998307787,"connectStart":487.20499998307787,"connectEnd":487.20499998307787,"secureConnectionStart":487.20499998307787,"requestStart":488.7999999918975,"responseStart":515.0999999896158,"responseEnd":516.0099999920931,"transferSize":167,"encodedBodySize":35,"decodedBodySize":35,"serverTiming":[]},{"name":"https:\/\/testmyprotocol.com\/boomerang-master\/images\/image-l.gif?t=15734961838200.1035896709639188","entryType":"resource","startTime":530.8249999943655,"duration":27.470000000903383,"initiatorType":"img","nextHopProtocol":"h2","workerStart":0,"redirectStart":0,"redirectEnd":0,"fetchStart":530.8249999943655,"domainLookupStart":530.8249999943655,"domainLookupEnd":530.8249999943655,"connectStart":530.8249999943655,"connectEnd":530.8249999943655,"secureConnectionStart":530.8249999943655,"requestStart":532.3649999918416,"responseStart":557.394999981625,"responseEnd":558.2949999952689,"transferSize":167,"encodedBodySize":35,"decodedBodySize":35,"serverTiming":[]}],"bw":[11340720],"latency":[29],"mode":"default","size":"1","num":"7","date_time":1573496198511}