{"timing":[],"resource_data":[{"name":"https:\/\/testmyprotocol.com\/boomerang-master\/images\/image-6.png?t=15734958925380.4194246477757717","entryType":"resource","startTime":8952.439999993658,"duration":775.3650000086054,"initiatorType":"img","nextHopProtocol":"h2","workerStart":0,"redirectStart":0,"redirectEnd":0,"fetchStart":8952.439999993658,"domainLookupStart":8952.439999993658,"domainLookupEnd":8952.439999993658,"connectStart":8952.439999993658,"connectEnd":8952.439999993658,"secureConnectionStart":8952.439999993658,"requestStart":8953.84999999078,"responseStart":8979.884999978822,"responseEnd":9727.805000002263,"transferSize":9102256,"encodedBodySize":9092136,"decodedBodySize":9092136,"serverTiming":[]},{"name":"https:\/\/testmyprotocol.com\/imgs\/fifty.jpg?0","entryType":"resource","startTime":159469.41499999957,"duration":82.12499998626299,"initiatorType":"img","nextHopProtocol":"h2","workerStart":0,"redirectStart":0,"redirectEnd":0,"fetchStart":159469.41499999957,"domainLookupStart":159469.41499999957,"domainLookupEnd":159469.41499999957,"connectStart":159469.41499999957,"connectEnd":159469.41499999957,"secureConnectionStart":159469.41499999957,"requestStart":159470.6249999872,"responseStart":159522.57999998983,"responseEnd":159551.53999998583,"transferSize":49963,"encodedBodySize":49772,"decodedBodySize":49772,"serverTiming":[]},{"name":"https:\/\/testmyprotocol.com\/imgs\/fifty.jpg?1","entryType":"resource","startTime":159469.61999998894,"duration":107.96500000287779,"initiatorType":"img","nextHopProtocol":"h2","workerStart":0,"redirectStart":0,"redirectEnd":0,"fetchStart":159469.61999998894,"domainLookupStart":159469.61999998894,"domainLookupEnd":159469.61999998894,"connectStart":159469.61999998894,"connectEnd":159469.61999998894,"secureConnectionStart":159469.61999998894,"requestStart":159470.67999999854,"responseStart":159551.6999999818,"responseEnd":159577.5849999918,"transferSize":49963,"encodedBodySize":49772,"decodedBodySize":49772,"serverTiming":[]},{"name":"https:\/\/testmyprotocol.com\/imgs\/fifty.jpg?2","entryType":"resource","startTime":159469.77500000503,"duration":110.65999997663312,"initiatorType":"img","nextHopProtocol":"h2","workerStart":0,"redirectStart":0,"redirectEnd":0,"fetchStart":159469.77500000503,"domainLookupStart":159469.77500000503,"domainLookupEnd":159469.77500000503,"connectStart":159469.77500000503,"connectEnd":159469.77500000503,"secureConnectionStart":159469.77500000503,"requestStart":159472.11000000243,"responseStart":159578.03999999305,"responseEnd":159580.43499998166,"transferSize":49963,"encodedBodySize":49772,"decodedBodySize":49772,"serverTiming":[]},{"name":"https:\/\/testmyprotocol.com\/imgs\/fifty.jpg?3","entryType":"resource","startTime":159469.935000001,"duration":135.33999997889623,"initiatorType":"img","nextHopProtocol":"h2","workerStart":0,"redirectStart":0,"redirectEnd":0,"fetchStart":159469.935000001,"domainLookupStart":159469.935000001,"domainLookupEnd":159469.935000001,"connectStart":159469.935000001,"connectEnd":159469.935000001,"secureConnectionStart":159469.935000001,"requestStart":159472.5449999969,"responseStart":159580.71499998914,"responseEnd":159605.27499997988,"transferSize":49963,"encodedBodySize":49772,"decodedBodySize":49772,"serverTiming":[]}],"bw":[11280722],"latency":[28],"mode":"default","size":"50","num":"10","date_time":1573496043227}