{"timing":[],"resource_data":[{"name":"https:\/\/testmyprotocol.com\/boomerang-master\/images\/image-6.png?t=15734958881560.6022772511297287","entryType":"resource","startTime":4569.8149999952875,"duration":905.5250000092201,"initiatorType":"img","nextHopProtocol":"h2","workerStart":0,"redirectStart":0,"redirectEnd":0,"fetchStart":4569.8149999952875,"domainLookupStart":4569.8149999952875,"domainLookupEnd":4569.8149999952875,"connectStart":4569.8149999952875,"connectEnd":4569.8149999952875,"secureConnectionStart":4569.8149999952875,"requestStart":4570.864999986952,"responseStart":4597.775000002002,"responseEnd":5475.340000004508,"transferSize":9102256,"encodedBodySize":9092136,"decodedBodySize":9092136,"serverTiming":[]},{"name":"https:\/\/testmyprotocol.com\/boomerang-master\/images\/image-6.png?t=15734958890820.7660138571889321","entryType":"resource","startTime":5496.849999995902,"duration":855.1799999841023,"initiatorType":"img","nextHopProtocol":"h2","workerStart":0,"redirectStart":0,"redirectEnd":0,"fetchStart":5496.849999995902,"domainLookupStart":5496.849999995902,"domainLookupEnd":5496.849999995902,"connectStart":5496.849999995902,"connectEnd":5496.849999995902,"secureConnectionStart":5496.849999995902,"requestStart":5498.315000004368,"responseStart":5524.24999998766,"responseEnd":6352.0299999800045,"transferSize":9102256,"encodedBodySize":9092136,"decodedBodySize":9092136,"serverTiming":[]},{"name":"https:\/\/testmyprotocol.com\/boomerang-master\/images\/image-6.png?t=15734958899570.07586041714982472","entryType":"resource","startTime":6371.329999994487,"duration":827.5499999872409,"initiatorType":"img","nextHopProtocol":"h2","workerStart":0,"redirectStart":0,"redirectEnd":0,"fetchStart":6371.329999994487,"domainLookupStart":6371.329999994487,"domainLookupEnd":6371.329999994487,"connectStart":6371.329999994487,"connectEnd":6371.329999994487,"secureConnectionStart":6371.329999994487,"requestStart":6372.289999999339,"responseStart":6397.774999990361,"responseEnd":7198.879999981727,"transferSize":9102256,"encodedBodySize":9092136,"decodedBodySize":9092136,"serverTiming":[]},{"name":"https:\/\/testmyprotocol.com\/boomerang-master\/images\/image-6.png?t=15734958907990.33482688794482707","entryType":"resource","startTime":7213.094999984605,"duration":873.9800000039395,"initiatorType":"img","nextHopProtocol":"h2","workerStart":0,"redirectStart":0,"redirectEnd":0,"fetchStart":7213.094999984605,"domainLookupStart":7213.094999984605,"domainLookupEnd":7213.094999984605,"connectStart":7213.094999984605,"connectEnd":7213.094999984605,"secureConnectionStart":7213.094999984605,"requestStart":7214.225000003353,"responseStart":7239.809999999125,"responseEnd":8087.074999988545,"transferSize":9102256,"encodedBodySize":9092136,"decodedBodySize":9092136,"serverTiming":[]},{"name":"https:\/\/testmyprotocol.com\/boomerang-master\/images\/image-6.png?t=15734958916900.7900806128131703","entryType":"resource","startTime":8104.120000003604,"duration":829.635000001872,"initiatorType":"img","nextHopProtocol":"h2","workerStart":0,"redirectStart":0,"redirectEnd":0,"fetchStart":8104.120000003604,"domainLookupStart":8104.120000003604,"domainLookupEnd":8104.120000003604,"connectStart":8104.120000003604,"connectEnd":8104.120000003604,"secureConnectionStart":8104.120000003604,"requestStart":8105.519999982789,"responseStart":8134.189999982482,"responseEnd":8933.755000005476,"transferSize":9102256,"encodedBodySize":9092136,"decodedBodySize":9092136,"serverTiming":[]}],"bw":[11280722],"latency":[28],"mode":"default","size":"50","num":"10","date_time":1573496043227}