{"timing":[],"resource_data":[{"name":"https:\/\/testmyprotocol.com\/imgs\/fifty.jpg?4","entryType":"resource","startTime":159470.07999999914,"duration":139.07999999355525,"initiatorType":"img","nextHopProtocol":"h2","workerStart":0,"redirectStart":0,"redirectEnd":0,"fetchStart":159470.07999999914,"domainLookupStart":159470.07999999914,"domainLookupEnd":159470.07999999914,"connectStart":159470.07999999914,"connectEnd":159470.07999999914,"secureConnectionStart":159470.07999999914,"requestStart":159472.61500000604,"responseStart":159606.2399999937,"responseEnd":159609.1599999927,"transferSize":49963,"encodedBodySize":49772,"decodedBodySize":49772,"serverTiming":[]},{"name":"https:\/\/testmyprotocol.com\/imgs\/fifty.jpg?5","entryType":"resource","startTime":159470.2999999863,"duration":140.3299999947194,"initiatorType":"img","nextHopProtocol":"h2","workerStart":0,"redirectStart":0,"redirectEnd":0,"fetchStart":159470.2999999863,"domainLookupStart":159470.2999999863,"domainLookupEnd":159470.2999999863,"connectStart":159470.2999999863,"connectEnd":159470.2999999863,"secureConnectionStart":159470.2999999863,"requestStart":159473.20999999647,"responseStart":159609.49999999139,"responseEnd":159610.62999998103,"transferSize":49963,"encodedBodySize":49772,"decodedBodySize":49772,"serverTiming":[]},{"name":"https:\/\/testmyprotocol.com\/imgs\/fifty.jpg?6","entryType":"resource","startTime":159470.4550000024,"duration":158.85499998694286,"initiatorType":"img","nextHopProtocol":"h2","workerStart":0,"redirectStart":0,"redirectEnd":0,"fetchStart":159470.4550000024,"domainLookupStart":159470.4550000024,"domainLookupEnd":159470.4550000024,"connectStart":159470.4550000024,"connectEnd":159470.4550000024,"secureConnectionStart":159470.4550000024,"requestStart":159473.2649999787,"responseStart":159612.28499998106,"responseEnd":159629.30999998935,"transferSize":49963,"encodedBodySize":49772,"decodedBodySize":49772,"serverTiming":[]},{"name":"https:\/\/testmyprotocol.com\/imgs\/fifty.jpg?7","entryType":"resource","startTime":159470.60000000056,"duration":162.09999998682179,"initiatorType":"img","nextHopProtocol":"h2","workerStart":0,"redirectStart":0,"redirectEnd":0,"fetchStart":159470.60000000056,"domainLookupStart":159470.60000000056,"domainLookupEnd":159470.60000000056,"connectStart":159470.60000000056,"connectEnd":159470.60000000056,"secureConnectionStart":159470.60000000056,"requestStart":159473.47500000615,"responseStart":159629.73499999498,"responseEnd":159632.69999998738,"transferSize":49963,"encodedBodySize":49772,"decodedBodySize":49772,"serverTiming":[]},{"name":"https:\/\/testmyprotocol.com\/imgs\/fifty.jpg?8","entryType":"resource","startTime":159470.7300000009,"duration":165.51999998046085,"initiatorType":"img","nextHopProtocol":"h2","workerStart":0,"redirectStart":0,"redirectEnd":0,"fetchStart":159470.7300000009,"domainLookupStart":159470.7300000009,"domainLookupEnd":159470.7300000009,"connectStart":159470.7300000009,"connectEnd":159470.7300000009,"secureConnectionStart":159470.7300000009,"requestStart":159473.65999998874,"responseStart":159633.97500000428,"responseEnd":159636.24999998137,"transferSize":49963,"encodedBodySize":49772,"decodedBodySize":49772,"serverTiming":[]}],"bw":[11280722],"latency":[28],"mode":"default","size":"50","num":"10","date_time":1573496043227}