{"timing":[],"resource_data":[{"name":"https:\/\/testmyprotocol.com\/imgs\/one.jpg?4","entryType":"resource","startTime":15163.699999975506,"duration":30.67500001634471,"initiatorType":"img","nextHopProtocol":"h2","workerStart":0,"redirectStart":0,"redirectEnd":0,"fetchStart":15163.699999975506,"domainLookupStart":15163.699999975506,"domainLookupEnd":15163.699999975506,"connectStart":15163.699999975506,"connectEnd":15163.699999975506,"secureConnectionStart":15163.699999975506,"requestStart":15167.794999986654,"responseStart":15194.094999984372,"responseEnd":15194.374999991851,"transferSize":1613,"encodedBodySize":1478,"decodedBodySize":1478,"serverTiming":[]},{"name":"https:\/\/testmyprotocol.com\/imgs\/one.jpg?5","entryType":"resource","startTime":15163.899999985006,"duration":53.7600000097882,"initiatorType":"img","nextHopProtocol":"h2","workerStart":0,"redirectStart":0,"redirectEnd":0,"fetchStart":15163.899999985006,"domainLookupStart":15163.899999985006,"domainLookupEnd":15163.899999985006,"connectStart":15163.899999985006,"connectEnd":15163.899999985006,"secureConnectionStart":15163.899999985006,"requestStart":15167.854999977862,"responseStart":15217.05499998643,"responseEnd":15217.659999994794,"transferSize":1613,"encodedBodySize":1478,"decodedBodySize":1478,"serverTiming":[]},{"name":"https:\/\/testmyprotocol.com\/imgs\/one.jpg?6","entryType":"resource","startTime":15164.14999999688,"duration":54.179999977350235,"initiatorType":"img","nextHopProtocol":"h2","workerStart":0,"redirectStart":0,"redirectEnd":0,"fetchStart":15164.14999999688,"domainLookupStart":15164.14999999688,"domainLookupEnd":15164.14999999688,"connectStart":15164.14999999688,"connectEnd":15164.14999999688,"secureConnectionStart":15164.14999999688,"requestStart":15168.524999986403,"responseStart":15217.789999995148,"responseEnd":15218.32999997423,"transferSize":1613,"encodedBodySize":1478,"decodedBodySize":1478,"serverTiming":[]}],"bw":[11340720],"latency":[29],"mode":"default","size":"1","num":"7","date_time":1573496198511}