{"timing":[],"resource_data":[{"name":"https:\/\/testmyprotocol.com\/boomerang-master\/images\/image-6.png?t=15734961920630.9391752107991924","entryType":"resource","startTime":8773.729999986244,"duration":859.679999994114,"initiatorType":"img","nextHopProtocol":"h2","workerStart":0,"redirectStart":0,"redirectEnd":0,"fetchStart":8773.729999986244,"domainLookupStart":8773.729999986244,"domainLookupEnd":8773.729999986244,"connectStart":8773.729999986244,"connectEnd":8773.729999986244,"secureConnectionStart":8773.729999986244,"requestStart":8775.024999980815,"responseStart":8801.474999985658,"responseEnd":9633.409999980358,"transferSize":9102256,"encodedBodySize":9092136,"decodedBodySize":9092136,"serverTiming":[]},{"name":"https:\/\/testmyprotocol.com\/imgs\/one.jpg?0","entryType":"resource","startTime":15162.824999977602,"duration":29.630000004544854,"initiatorType":"img","nextHopProtocol":"h2","workerStart":0,"redirectStart":0,"redirectEnd":0,"fetchStart":15162.824999977602,"domainLookupStart":15162.824999977602,"domainLookupEnd":15162.824999977602,"connectStart":15162.824999977602,"connectEnd":15162.824999977602,"secureConnectionStart":15162.824999977602,"requestStart":15165.079999977024,"responseStart":15191.984999983106,"responseEnd":15192.454999982147,"transferSize":1613,"encodedBodySize":1478,"decodedBodySize":1478,"serverTiming":[]},{"name":"https:\/\/testmyprotocol.com\/imgs\/one.jpg?1","entryType":"resource","startTime":15163.094999996247,"duration":29.83499999390915,"initiatorType":"img","nextHopProtocol":"h2","workerStart":0,"redirectStart":0,"redirectEnd":0,"fetchStart":15163.094999996247,"domainLookupStart":15163.094999996247,"domainLookupEnd":15163.094999996247,"connectStart":15163.094999996247,"connectEnd":15163.094999996247,"secureConnectionStart":15163.094999996247,"requestStart":15165.81999999471,"responseStart":15192.574999993667,"responseEnd":15192.929999990156,"transferSize":1613,"encodedBodySize":1478,"decodedBodySize":1478,"serverTiming":[]},{"name":"https:\/\/testmyprotocol.com\/imgs\/one.jpg?2","entryType":"resource","startTime":15163.294999976642,"duration":30.215000006137416,"initiatorType":"img","nextHopProtocol":"h2","workerStart":0,"redirectStart":0,"redirectEnd":0,"fetchStart":15163.294999976642,"domainLookupStart":15163.294999976642,"domainLookupEnd":15163.294999976642,"connectStart":15163.294999976642,"connectEnd":15163.294999976642,"secureConnectionStart":15163.294999976642,"requestStart":15167.279999994207,"responseStart":15193.05999999051,"responseEnd":15193.50999998278,"transferSize":1613,"encodedBodySize":1478,"decodedBodySize":1478,"serverTiming":[]},{"name":"https:\/\/testmyprotocol.com\/imgs\/one.jpg?3","entryType":"resource","startTime":15163.504999974975,"duration":30.50500000244938,"initiatorType":"img","nextHopProtocol":"h2","workerStart":0,"redirectStart":0,"redirectEnd":0,"fetchStart":15163.504999974975,"domainLookupStart":15163.504999974975,"domainLookupEnd":15163.504999974975,"connectStart":15163.504999974975,"connectEnd":15163.504999974975,"secureConnectionStart":15163.504999974975,"requestStart":15167.714999988675,"responseStart":15193.654999980936,"responseEnd":15194.009999977425,"transferSize":1613,"encodedBodySize":1478,"decodedBodySize":1478,"serverTiming":[]}],"bw":[11340720],"latency":[29],"mode":"default","size":"1","num":"7","date_time":1573496198511}