{"timing":[],"resource_data":[{"name":"https:\/\/testmyprotocol.com\/imgs\/fifty.jpg?9","entryType":"resource","startTime":159470.8699999901,"duration":168.45500000636093,"initiatorType":"img","nextHopProtocol":"h2","workerStart":0,"redirectStart":0,"redirectEnd":0,"fetchStart":159470.8699999901,"domainLookupStart":159470.8699999901,"domainLookupEnd":159470.8699999901,"connectStart":159470.8699999901,"connectEnd":159470.8699999901,"secureConnectionStart":159470.8699999901,"requestStart":159473.71500000008,"responseStart":159637.00499999686,"responseEnd":159639.32499999646,"transferSize":49963,"encodedBodySize":49772,"decodedBodySize":49772,"serverTiming":[]}],"bw":[11280722],"latency":[28],"mode":"default","size":"50","num":"10","date_time":1573496043227}