{"timing":[75,75,75,82,82],"resource_data":[{"name":"https:\/\/testmyprotocol.com\/imgs\/one.jpg?5","entryType":"resource","startTime":2321.860000025481,"duration":70.49000007100403,"initiatorType":"img","nextHopProtocol":"h2","workerStart":0,"redirectStart":0,"redirectEnd":0,"fetchStart":2321.860000025481,"domainLookupStart":2321.860000025481,"domainLookupEnd":2321.860000025481,"connectStart":2321.860000025481,"connectEnd":2321.860000025481,"secureConnectionStart":2321.860000025481,"requestStart":2325.620000017807,"responseStart":2390.065000159666,"responseEnd":2392.350000096485,"transferSize":1613,"encodedBodySize":1478,"decodedBodySize":1478,"serverTiming":[]},{"name":"https:\/\/testmyprotocol.com\/imgs\/one.jpg?6","entryType":"resource","startTime":2322.010000003502,"duration":70.48500003293157,"initiatorType":"img","nextHopProtocol":"h2","workerStart":0,"redirectStart":0,"redirectEnd":0,"fetchStart":2322.010000003502,"domainLookupStart":2322.010000003502,"domainLookupEnd":2322.010000003502,"connectStart":2322.010000003502,"connectEnd":2322.010000003502,"secureConnectionStart":2322.010000003502,"requestStart":2325.79500018619,"responseStart":2390.18000010401,"responseEnd":2392.4950000364333,"transferSize":1613,"encodedBodySize":1478,"decodedBodySize":1478,"serverTiming":[]},{"name":"https:\/\/testmyprotocol.com\/imgs\/one.jpg?7","entryType":"resource","startTime":2322.185000171885,"duration":70.45499980449677,"initiatorType":"img","nextHopProtocol":"h2","workerStart":0,"redirectStart":0,"redirectEnd":0,"fetchStart":2322.185000171885,"domainLookupStart":2322.185000171885,"domainLookupEnd":2322.185000171885,"connectStart":2322.185000171885,"connectEnd":2322.185000171885,"secureConnectionStart":2322.185000171885,"requestStart":2326.0100001934916,"responseStart":2390.235000057146,"responseEnd":2392.6399999763817,"transferSize":1613,"encodedBodySize":1478,"decodedBodySize":1478,"serverTiming":[]},{"name":"https:\/\/testmyprotocol.com\/imgs\/one.jpg?8","entryType":"resource","startTime":2322.3800000268966,"duration":74.84499993734062,"initiatorType":"img","nextHopProtocol":"h2","workerStart":0,"redirectStart":0,"redirectEnd":0,"fetchStart":2322.3800000268966,"domainLookupStart":2322.3800000268966,"domainLookupEnd":2322.3800000268966,"connectStart":2322.3800000268966,"connectEnd":2322.3800000268966,"secureConnectionStart":2322.3800000268966,"requestStart":2326.395000098273,"responseStart":2391.9349999632686,"responseEnd":2397.224999964237,"transferSize":1613,"encodedBodySize":1478,"decodedBodySize":1478,"serverTiming":[]},{"name":"https:\/\/testmyprotocol.com\/imgs\/one.jpg?9","entryType":"resource","startTime":2322.554999962449,"duration":74.87000012770295,"initiatorType":"img","nextHopProtocol":"h2","workerStart":0,"redirectStart":0,"redirectEnd":0,"fetchStart":2322.554999962449,"domainLookupStart":2322.554999962449,"domainLookupEnd":2322.554999962449,"connectStart":2322.554999962449,"connectEnd":2322.554999962449,"secureConnectionStart":2322.554999962449,"requestStart":2326.460000127554,"responseStart":2392.0299999881536,"responseEnd":2397.425000090152,"transferSize":1613,"encodedBodySize":1478,"decodedBodySize":1478,"serverTiming":[]}],"bw":[],"latency":[],"mode":"","size":"1","num":"15","date_time":1573425671976}