{"timing":[40,41],"resource_data":[{"name":"https:\/\/testmyprotocol.com\/imgs\/one.jpg?0","entryType":"resource","startTime":2393.790000118315,"duration":38.84000005200505,"initiatorType":"img","nextHopProtocol":"h2","workerStart":0,"redirectStart":0,"redirectEnd":0,"fetchStart":2393.790000118315,"domainLookupStart":2393.790000118315,"domainLookupEnd":2393.790000118315,"connectStart":2393.790000118315,"connectEnd":2393.790000118315,"secureConnectionStart":2393.790000118315,"requestStart":2395.2500000596046,"responseStart":2431.36000004597,"responseEnd":2432.6300001703203,"transferSize":1613,"encodedBodySize":1478,"decodedBodySize":1478,"serverTiming":[]},{"name":"https:\/\/testmyprotocol.com\/imgs\/one.jpg?1","entryType":"resource","startTime":2394.025000045076,"duration":39.28499994799495,"initiatorType":"img","nextHopProtocol":"h2","workerStart":0,"redirectStart":0,"redirectEnd":0,"fetchStart":2394.025000045076,"domainLookupStart":2394.025000045076,"domainLookupEnd":2394.025000045076,"connectStart":2394.025000045076,"connectEnd":2394.025000045076,"secureConnectionStart":2394.025000045076,"requestStart":2395.560000091791,"responseStart":2432.4150001630187,"responseEnd":2433.309999993071,"transferSize":1613,"encodedBodySize":1478,"decodedBodySize":1478,"serverTiming":[]}],"bw":[],"latency":[],"mode":"","size":"1","num":"2","date_time":1573425258194}