{"timing":[47,53,53,53,53],"resource_data":[{"name":"https:\/\/testmyprotocol.com\/imgs\/one.jpg?0","entryType":"resource","startTime":3585.5349998455495,"duration":44.97500020079315,"initiatorType":"img","nextHopProtocol":"h2","workerStart":0,"redirectStart":0,"redirectEnd":0,"fetchStart":3585.5349998455495,"domainLookupStart":3585.5349998455495,"domainLookupEnd":3585.5349998455495,"connectStart":3585.5349998455495,"connectEnd":3585.5349998455495,"secureConnectionStart":3585.5349998455495,"requestStart":3586.6199999582022,"responseStart":3629.2099999263883,"responseEnd":3630.5100000463426,"transferSize":1613,"encodedBodySize":1478,"decodedBodySize":1478,"serverTiming":[]},{"name":"https:\/\/testmyprotocol.com\/imgs\/one.jpg?1","entryType":"resource","startTime":3585.7249998953193,"duration":50.075000151991844,"initiatorType":"img","nextHopProtocol":"h2","workerStart":0,"redirectStart":0,"redirectEnd":0,"fetchStart":3585.7249998953193,"domainLookupStart":3585.7249998953193,"domainLookupEnd":3585.7249998953193,"connectStart":3585.7249998953193,"connectEnd":3585.7249998953193,"secureConnectionStart":3585.7249998953193,"requestStart":3587.3000000137836,"responseStart":3633.549999911338,"responseEnd":3635.800000047311,"transferSize":1613,"encodedBodySize":1478,"decodedBodySize":1478,"serverTiming":[]},{"name":"https:\/\/testmyprotocol.com\/imgs\/one.jpg?2","entryType":"resource","startTime":3585.8699998352677,"duration":50.050000194460154,"initiatorType":"img","nextHopProtocol":"h2","workerStart":0,"redirectStart":0,"redirectEnd":0,"fetchStart":3585.8699998352677,"domainLookupStart":3585.8699998352677,"domainLookupEnd":3585.8699998352677,"connectStart":3585.8699998352677,"connectEnd":3585.8699998352677,"secureConnectionStart":3585.8699998352677,"requestStart":3587.4149999581277,"responseStart":3633.6699998937547,"responseEnd":3635.920000029728,"transferSize":1613,"encodedBodySize":1478,"decodedBodySize":1478,"serverTiming":[]},{"name":"https:\/\/testmyprotocol.com\/imgs\/one.jpg?3","entryType":"resource","startTime":3586.0049999319017,"duration":50.04000011831522,"initiatorType":"img","nextHopProtocol":"h2","workerStart":0,"redirectStart":0,"redirectEnd":0,"fetchStart":3586.0049999319017,"domainLookupStart":3586.0049999319017,"domainLookupEnd":3586.0049999319017,"connectStart":3586.0049999319017,"connectEnd":3586.0049999319017,"secureConnectionStart":3586.0049999319017,"requestStart":3587.6050000078976,"responseStart":3633.759999880567,"responseEnd":3636.045000050217,"transferSize":1613,"encodedBodySize":1478,"decodedBodySize":1478,"serverTiming":[]},{"name":"https:\/\/testmyprotocol.com\/imgs\/one.jpg?4","entryType":"resource","startTime":3586.17000002414,"duration":50.02999980933964,"initiatorType":"img","nextHopProtocol":"h2","workerStart":0,"redirectStart":0,"redirectEnd":0,"fetchStart":3586.17000002414,"domainLookupStart":3586.17000002414,"domainLookupEnd":3586.17000002414,"connectStart":3586.17000002414,"connectEnd":3586.17000002414,"secureConnectionStart":3586.17000002414,"requestStart":3587.7000000327826,"responseStart":3633.919999934733,"responseEnd":3636.1999998334795,"transferSize":1613,"encodedBodySize":1478,"decodedBodySize":1478,"serverTiming":[]}],"bw":[],"latency":[],"mode":"","size":"1","num":"5","date_time":1573425279183}