{"timing":[42,43,45,46,47],"resource_data":[{"name":"https:\/\/testmyprotocol.com\/imgs\/one.jpg?0","entryType":"resource","startTime":2321.1450001690537,"duration":39.484999841079116,"initiatorType":"img","nextHopProtocol":"h2","workerStart":0,"redirectStart":0,"redirectEnd":0,"fetchStart":2321.1450001690537,"domainLookupStart":2321.1450001690537,"domainLookupEnd":2321.1450001690537,"connectStart":2321.1450001690537,"connectEnd":2321.1450001690537,"secureConnectionStart":2321.1450001690537,"requestStart":2322.4000001791865,"responseStart":2359.20500010252,"responseEnd":2360.630000010133,"transferSize":1613,"encodedBodySize":1478,"decodedBodySize":1478,"serverTiming":[]},{"name":"https:\/\/testmyprotocol.com\/imgs\/one.jpg?1","entryType":"resource","startTime":2321.320000104606,"duration":39.9849999230355,"initiatorType":"img","nextHopProtocol":"h2","workerStart":0,"redirectStart":0,"redirectEnd":0,"fetchStart":2321.320000104606,"domainLookupStart":2321.320000104606,"domainLookupEnd":2321.320000104606,"connectStart":2321.320000104606,"connectEnd":2321.320000104606,"secureConnectionStart":2321.320000104606,"requestStart":2322.900000028312,"responseStart":2360.3799999691546,"responseEnd":2361.3050000276417,"transferSize":1613,"encodedBodySize":1478,"decodedBodySize":1478,"serverTiming":[]},{"name":"https:\/\/testmyprotocol.com\/imgs\/one.jpg?2","entryType":"resource","startTime":2321.4450001250952,"duration":42.71499998867512,"initiatorType":"img","nextHopProtocol":"h2","workerStart":0,"redirectStart":0,"redirectEnd":0,"fetchStart":2321.4450001250952,"domainLookupStart":2321.4450001250952,"domainLookupEnd":2321.4450001250952,"connectStart":2321.4450001250952,"connectEnd":2321.4450001250952,"secureConnectionStart":2321.4450001250952,"requestStart":2323.585000121966,"responseStart":2363.0450000055134,"responseEnd":2364.1600001137704,"transferSize":1613,"encodedBodySize":1478,"decodedBodySize":1478,"serverTiming":[]},{"name":"https:\/\/testmyprotocol.com\/imgs\/one.jpg?3","entryType":"resource","startTime":2321.585000026971,"duration":43.37000008672476,"initiatorType":"img","nextHopProtocol":"h2","workerStart":0,"redirectStart":0,"redirectEnd":0,"fetchStart":2321.585000026971,"domainLookupStart":2321.585000026971,"domainLookupEnd":2321.585000026971,"connectStart":2321.585000026971,"connectEnd":2321.585000026971,"secureConnectionStart":2321.585000026971,"requestStart":2324.9350001569837,"responseStart":2363.4850000962615,"responseEnd":2364.955000113696,"transferSize":1613,"encodedBodySize":1478,"decodedBodySize":1478,"serverTiming":[]},{"name":"https:\/\/testmyprotocol.com\/imgs\/one.jpg?4","entryType":"resource","startTime":2321.7250001616776,"duration":43.75499999150634,"initiatorType":"img","nextHopProtocol":"h2","workerStart":0,"redirectStart":0,"redirectEnd":0,"fetchStart":2321.7250001616776,"domainLookupStart":2321.7250001616776,"domainLookupEnd":2321.7250001616776,"connectStart":2321.7250001616776,"connectEnd":2321.7250001616776,"secureConnectionStart":2321.7250001616776,"requestStart":2325.219999998808,"responseStart":2364.0000000596046,"responseEnd":2365.480000153184,"transferSize":1613,"encodedBodySize":1478,"decodedBodySize":1478,"serverTiming":[]}],"bw":[],"latency":[],"mode":"","size":"1","num":"15","date_time":1573425671976}