{"timing":[],"resource_data":[{"name":"https:\/\/testmyprotocol.com\/boomerang-master\/images\/image-0.png?t=15734958844730.6123998531075829","entryType":"resource","startTime":886.7949999985285,"duration":27.230000006966293,"initiatorType":"img","nextHopProtocol":"h2","workerStart":0,"redirectStart":0,"redirectEnd":0,"fetchStart":886.7949999985285,"domainLookupStart":886.7949999985285,"domainLookupEnd":886.7949999985285,"connectStart":886.7949999985285,"connectEnd":886.7949999985285,"secureConnectionStart":886.7949999985285,"requestStart":887.7400000055786,"responseStart":913.5499999974854,"responseEnd":914.0250000054948,"transferSize":11918,"encodedBodySize":11773,"decodedBodySize":11773,"serverTiming":[]},{"name":"https:\/\/testmyprotocol.com\/boomerang-master\/images\/image-1.png?t=15734958845010.1256080231307044","entryType":"resource","startTime":915.034999983618,"duration":28.070000000298023,"initiatorType":"img","nextHopProtocol":"h2","workerStart":0,"redirectStart":0,"redirectEnd":0,"fetchStart":915.034999983618,"domainLookupStart":915.034999983618,"domainLookupEnd":915.034999983618,"connectStart":915.034999983618,"connectEnd":915.034999983618,"secureConnectionStart":915.034999983618,"requestStart":916.0499999998137,"responseStart":941.644999984419,"responseEnd":943.1049999839161,"transferSize":41008,"encodedBodySize":40836,"decodedBodySize":40836,"serverTiming":[]},{"name":"https:\/\/testmyprotocol.com\/boomerang-master\/images\/image-2.png?t=15734958845300.28047728313846654","entryType":"resource","startTime":943.7650000036228,"duration":63.039999979082495,"initiatorType":"img","nextHopProtocol":"h2","workerStart":0,"redirectStart":0,"redirectEnd":0,"fetchStart":943.7650000036228,"domainLookupStart":943.7650000036228,"domainLookupEnd":943.7650000036228,"connectStart":943.7650000036228,"connectEnd":943.7650000036228,"secureConnectionStart":943.7650000036228,"requestStart":944.5999999879859,"responseStart":970.6849999784026,"responseEnd":1006.8049999827053,"transferSize":165862,"encodedBodySize":165544,"decodedBodySize":165544,"serverTiming":[]},{"name":"https:\/\/testmyprotocol.com\/boomerang-master\/images\/image-3.png?t=15734958845930.29796316273473633","entryType":"resource","startTime":1007.4949999980163,"duration":89.81999999377877,"initiatorType":"img","nextHopProtocol":"h2","workerStart":0,"redirectStart":0,"redirectEnd":0,"fetchStart":1007.4949999980163,"domainLookupStart":1007.4949999980163,"domainLookupEnd":1007.4949999980163,"connectStart":1007.4949999980163,"connectEnd":1007.4949999980163,"secureConnectionStart":1007.4949999980163,"requestStart":1008.4050000004936,"responseStart":1034.6600000048056,"responseEnd":1097.314999991795,"transferSize":383498,"encodedBodySize":382946,"decodedBodySize":382946,"serverTiming":[]},{"name":"https:\/\/testmyprotocol.com\/boomerang-master\/images\/image-4.png?t=15734958846860.4879832823761958","entryType":"resource","startTime":1099.8299999919254,"duration":163.07499998947605,"initiatorType":"img","nextHopProtocol":"h2","workerStart":0,"redirectStart":0,"redirectEnd":0,"fetchStart":1099.8299999919254,"domainLookupStart":1099.8299999919254,"domainLookupEnd":1099.8299999919254,"connectStart":1099.8299999919254,"connectEnd":1099.8299999919254,"secureConnectionStart":1099.8299999919254,"requestStart":1103.5399999818765,"responseStart":1128.9300000062212,"responseEnd":1262.9049999814015,"transferSize":1237768,"encodedBodySize":1236278,"decodedBodySize":1236278,"serverTiming":[]}],"bw":[11280722],"latency":[28],"mode":"default","size":"50","num":"10","date_time":1573496043227}