{"timing":[],"resource_data":[{"name":"https:\/\/testmyprotocol.com\/boomerang-master\/images\/image-5.png?t=15734961842070.9404307323376564","entryType":"resource","startTime":917.0949999825098,"duration":501.0049999982584,"initiatorType":"img","nextHopProtocol":"h2","workerStart":0,"redirectStart":0,"redirectEnd":0,"fetchStart":917.0949999825098,"domainLookupStart":917.0949999825098,"domainLookupEnd":917.0949999825098,"connectStart":917.0949999825098,"connectEnd":917.0949999825098,"secureConnectionStart":917.0949999825098,"requestStart":917.9699999804143,"responseStart":944.2599999892991,"responseEnd":1418.0999999807682,"transferSize":4516888,"encodedBodySize":4511798,"decodedBodySize":4511798,"serverTiming":[]},{"name":"https:\/\/testmyprotocol.com\/boomerang-master\/images\/image-6.png?t=15734961847120.673929240161742","entryType":"resource","startTime":1421.8849999888334,"duration":891.444999986561,"initiatorType":"img","nextHopProtocol":"h2","workerStart":0,"redirectStart":0,"redirectEnd":0,"fetchStart":1421.8849999888334,"domainLookupStart":1421.8849999888334,"domainLookupEnd":1421.8849999888334,"connectStart":1421.8849999888334,"connectEnd":1421.8849999888334,"secureConnectionStart":1421.8849999888334,"requestStart":1422.7199999731965,"responseStart":1448.7450000015087,"responseEnd":2313.3299999753945,"transferSize":9102256,"encodedBodySize":9092136,"decodedBodySize":9092136,"serverTiming":[]},{"name":"https:\/\/testmyprotocol.com\/boomerang-master\/images\/image-6.png?t=15734961856190.2530542745056852","entryType":"resource","startTime":2329.329999978654,"duration":865.3950000007171,"initiatorType":"img","nextHopProtocol":"h2","workerStart":0,"redirectStart":0,"redirectEnd":0,"fetchStart":2329.329999978654,"domainLookupStart":2329.329999978654,"domainLookupEnd":2329.329999978654,"connectStart":2329.329999978654,"connectEnd":2329.329999978654,"secureConnectionStart":2329.329999978654,"requestStart":2330.644999979995,"responseStart":2361.3550000009127,"responseEnd":3194.724999979371,"transferSize":9102256,"encodedBodySize":9092136,"decodedBodySize":9092136,"serverTiming":[]},{"name":"https:\/\/testmyprotocol.com\/boomerang-master\/images\/image-6.png?t=15734961865010.5496958945698411","entryType":"resource","startTime":3211.4199999778066,"duration":859.5849999983329,"initiatorType":"img","nextHopProtocol":"h2","workerStart":0,"redirectStart":0,"redirectEnd":0,"fetchStart":3211.4199999778066,"domainLookupStart":3211.4199999778066,"domainLookupEnd":3211.4199999778066,"connectStart":3211.4199999778066,"connectEnd":3211.4199999778066,"secureConnectionStart":3211.4199999778066,"requestStart":3212.699999974575,"responseStart":3242.7349999779835,"responseEnd":4071.0049999761395,"transferSize":9102256,"encodedBodySize":9092136,"decodedBodySize":9092136,"serverTiming":[]},{"name":"https:\/\/testmyprotocol.com\/boomerang-master\/images\/image-6.png?t=15734961873770.6241897734479682","entryType":"resource","startTime":4087.0799999975134,"duration":791.5749999810942,"initiatorType":"img","nextHopProtocol":"h2","workerStart":0,"redirectStart":0,"redirectEnd":0,"fetchStart":4087.0799999975134,"domainLookupStart":4087.0799999975134,"domainLookupEnd":4087.0799999975134,"connectStart":4087.0799999975134,"connectEnd":4087.0799999975134,"secureConnectionStart":4087.0799999975134,"requestStart":4088.2849999761675,"responseStart":4115.00999997952,"responseEnd":4878.6549999786075,"transferSize":9102256,"encodedBodySize":9092136,"decodedBodySize":9092136,"serverTiming":[]}],"bw":[11340720],"latency":[29],"mode":"default","size":"1","num":"7","date_time":1573496198511}